{"cameraMode":{"drawMode":2,"name":"Shaded Wireframe","section":"Shading Mode"},"sceneLighting":false,"audioPlay":false,"sceneViewState":{"showFog":true,"showMaterialUpdate":false,"showSkybox":true,"showFlares":true,"showImageEffects":true,"showParticleSystems":true},"in2DMode":false,"pivot":{"x":-11.602567672729493,"y":2.605471611022949,"z":3.8627710342407228},"rotation":{"x":-0.055967941880226138,"y":-0.6837464570999146,"z":0.05275111272931099,"w":-0.7256553769111633},"size":17.636268615722658,"orthographic":false}