{"cameraMode":{"drawMode":0,"name":"Shaded","section":"Shading Mode"},"sceneLighting":false,"audioPlay":false,"sceneViewState":{"showFog":true,"showMaterialUpdate":false,"showSkybox":true,"showFlares":true,"showImageEffects":true,"showParticleSystems":true},"in2DMode":false,"pivot":{"x":-0.00012290477752685547,"y":1.4074630737304688,"z":-0.0003846287727355957},"rotation":{"x":-0.1476745456457138,"y":-0.2581537663936615,"z":0.0399799719452858,"w":-0.9539132714271545},"size":6.368636608123779,"orthographic":false}