{"cameraMode":{"drawMode":2,"name":"Shaded Wireframe","section":"Shading Mode"},"sceneLighting":false,"audioPlay":false,"sceneViewState":{"showFog":true,"showMaterialUpdate":false,"showSkybox":true,"showFlares":true,"showImageEffects":true,"showParticleSystems":true},"in2DMode":false,"pivot":{"x":-9.614311218261719,"y":1.8888835906982422,"z":8.758484840393067},"rotation":{"x":-0.17362827062606812,"y":-0.560008704662323,"z":0.12141312658786774,"w":-0.8009384274482727},"size":20.19011116027832,"orthographic":false}