{"cameraMode":{"drawMode":0,"name":"Shaded","section":"Shading Mode"},"sceneLighting":false,"audioPlay":false,"sceneViewState":{"showFog":true,"showMaterialUpdate":false,"showSkybox":true,"showFlares":true,"showImageEffects":true,"showParticleSystems":true},"in2DMode":false,"pivot":{"x":0.17706990242004395,"y":1.840600609779358,"z":0.18088054656982423},"rotation":{"x":0.22932428121566773,"y":-0.0081808315590024,"z":0.0019151297165080906,"w":0.9733138084411621},"size":19.74375343322754,"orthographic":false}