{"cameraMode":{"drawMode":0,"name":"Shaded","section":"Shading Mode"},"sceneLighting":false,"audioPlay":false,"sceneViewState":{"showFog":true,"showMaterialUpdate":false,"showSkybox":true,"showFlares":true,"showImageEffects":true,"showParticleSystems":true},"in2DMode":false,"pivot":{"x":-0.2591626048088074,"y":-0.12930721044540406,"z":-0.8157491683959961},"rotation":{"x":0.195132777094841,"y":0.7795002460479736,"z":-0.2938515543937683,"w":0.5176426768302918},"size":2.3334531784057619,"orthographic":false}