{"cameraMode":{"drawMode":0,"name":"Shaded","section":"Shading Mode"},"sceneLighting":false,"audioPlay":false,"sceneViewState":{"showFog":true,"showMaterialUpdate":false,"showSkybox":true,"showFlares":true,"showImageEffects":true,"showParticleSystems":true},"in2DMode":false,"pivot":{"x":22.79447364807129,"y":-59.084720611572269,"z":-113.97036743164063},"rotation":{"x":-0.02219633385539055,"y":-0.9673202037811279,"z":0.2355615645647049,"w":-0.09115774929523468},"size":138.97723388671876,"orthographic":false}