{"cameraMode":{"drawMode":0,"name":"Shaded","section":"Shading Mode"},"sceneLighting":true,"audioPlay":false,"sceneViewState":{"showFog":true,"showMaterialUpdate":false,"showSkybox":true,"showFlares":true,"showImageEffects":true,"showParticleSystems":true},"in2DMode":false,"pivot":{"x":-3.2822606563568117,"y":7.958756923675537,"z":-11.999853134155274},"rotation":{"x":0.04255015403032303,"y":0.007419855799525976,"z":-0.00033133788383565843,"w":0.9990667104721069},"size":5.442600250244141,"orthographic":false}