{"cameraMode":{"drawMode":2,"name":"Shaded Wireframe","section":"Shading Mode"},"sceneLighting":true,"audioPlay":false,"sceneViewState":{"showFog":true,"showMaterialUpdate":false,"showSkybox":true,"showFlares":true,"showImageEffects":true,"showParticleSystems":true},"in2DMode":false,"pivot":{"x":-1.8789663314819337,"y":6.551450729370117,"z":-10.611047744750977},"rotation":{"x":0.16658903658390046,"y":-0.3039843440055847,"z":0.05406123772263527,"w":0.936439573764801},"size":1.9143731594085694,"orthographic":false}