{"cameraMode":{"drawMode":0,"name":"Shaded","section":"Shading Mode"},"sceneLighting":false,"audioPlay":false,"sceneViewState":{"showFog":true,"showMaterialUpdate":false,"showSkybox":true,"showFlares":true,"showImageEffects":true,"showParticleSystems":true},"in2DMode":false,"pivot":{"x":5.201301574707031,"y":1.4264713525772095,"z":-0.021588459610939027},"rotation":{"x":0.02288823202252388,"y":0.021594254299998285,"z":-0.00050449586706236,"w":0.9995046854019165},"size":6.821197032928467,"orthographic":false}