{"cameraMode":{"drawMode":0,"name":"Shaded","section":"Shading Mode"},"sceneLighting":false,"audioPlay":false,"sceneViewState":{"showFog":true,"showMaterialUpdate":false,"showSkybox":true,"showFlares":true,"showImageEffects":true,"showParticleSystems":true},"in2DMode":false,"pivot":{"x":-30.89740753173828,"y":0.8750114440917969,"z":5.435155391693115},"rotation":{"x":0.17543521523475648,"y":-0.5780888199806213,"z":0.12895165383815766,"w":0.7863887548446655},"size":17.69252586364746,"orthographic":false}