{"cameraMode":{"drawMode":0,"name":"Shaded","section":"Shading Mode"},"sceneLighting":false,"audioPlay":false,"sceneViewState":{"showFog":true,"showMaterialUpdate":false,"showSkybox":true,"showFlares":true,"showImageEffects":true,"showParticleSystems":true},"in2DMode":false,"pivot":{"x":2.048943281173706,"y":3.1317920684814455,"z":-3.8458364009857179},"rotation":{"x":0.189159095287323,"y":-0.33761629462242129,"z":0.06944428384304047,"w":0.9194626212120056},"size":6.368636608123779,"orthographic":false}