{"cameraMode":{"drawMode":0,"name":"Shaded","section":"Shading Mode"},"sceneLighting":false,"audioPlay":false,"sceneViewState":{"showFog":true,"showMaterialUpdate":false,"showSkybox":true,"showFlares":true,"showImageEffects":true,"showParticleSystems":true},"in2DMode":false,"pivot":{"x":23.244314193725587,"y":-24.490280151367189,"z":34.36891555786133},"rotation":{"x":-0.09372391551733017,"y":-0.6543922424316406,"z":0.08225688338279724,"w":-0.7458019256591797},"size":68.8389663696289,"orthographic":false}