{"cameraMode":{"drawMode":0,"name":"Shaded","section":"Shading Mode"},"sceneLighting":false,"audioPlay":false,"sceneViewState":{"showFog":true,"showMaterialUpdate":false,"showSkybox":true,"showFlares":true,"showImageEffects":true,"showParticleSystems":true},"in2DMode":false,"pivot":{"x":1.8451106548309327,"y":1.3575431108474732,"z":-1.9343632459640504},"rotation":{"x":0.33549514412879946,"y":-0.09278878569602967,"z":0.03322134539484978,"w":0.9368723034858704},"size":14.796459197998047,"orthographic":false}