{"cameraMode":{"drawMode":0,"name":"Shaded","section":"Shading Mode"},"sceneLighting":false,"audioPlay":false,"sceneViewState":{"showFog":true,"showMaterialUpdate":false,"showSkybox":true,"showFlares":true,"showImageEffects":true,"showParticleSystems":true},"in2DMode":false,"pivot":{"x":-24.739999771118165,"y":6.406063079833984,"z":3.390000104904175},"rotation":{"x":0.18875344097614289,"y":-0.6193278431892395,"z":0.1567455381155014,"w":0.7458122968673706},"size":17.69252586364746,"orthographic":false}