{"cameraMode":{"drawMode":0,"name":"Shaded","section":"Shading Mode"},"sceneLighting":false,"audioPlay":false,"sceneViewState":{"showFog":true,"showMaterialUpdate":false,"showSkybox":true,"showFlares":true,"showImageEffects":true,"showParticleSystems":true},"in2DMode":false,"pivot":{"x":0.03976937755942345,"y":0.9331403970718384,"z":-1.0973527431488038},"rotation":{"x":0.07470551133155823,"y":0.1412588208913803,"z":-0.010698389261960984,"w":0.9870920777320862},"size":0.3112385869026184,"orthographic":false}