{"cameraMode":{"drawMode":0,"name":"Shaded","section":"Shading Mode"},"sceneLighting":false,"audioPlay":false,"sceneViewState":{"showFog":true,"showMaterialUpdate":false,"showSkybox":true,"showFlares":true,"showImageEffects":true,"showParticleSystems":true},"in2DMode":false,"pivot":{"x":4.187337398529053,"y":5.681887149810791,"z":-4.945982456207275},"rotation":{"x":0.1156904473900795,"y":0.01306411623954773,"z":-0.0015222207875922323,"w":0.9931982755661011},"size":7.930279731750488,"orthographic":false}