{"cameraMode":{"drawMode":0,"name":"Shaded","section":"Shading Mode"},"sceneLighting":false,"audioPlay":false,"sceneViewState":{"showFog":true,"showMaterialUpdate":false,"showSkybox":true,"showFlares":true,"showImageEffects":true,"showParticleSystems":true},"in2DMode":false,"pivot":{"x":-2.2846012115478517,"y":1.7899014949798585,"z":4.329784870147705},"rotation":{"x":0.057496313005685809,"y":-0.8651481866836548,"z":0.10200518369674683,"w":0.4876553416252136},"size":15.209452629089356,"orthographic":false}