{"cameraMode":{"drawMode":0,"name":"Shaded","section":"Shading Mode"},"sceneLighting":false,"audioPlay":false,"sceneViewState":{"showFog":true,"showMaterialUpdate":false,"showSkybox":true,"showFlares":true,"showImageEffects":true,"showParticleSystems":true},"in2DMode":false,"pivot":{"x":2.3160152435302736,"y":4.817593574523926,"z":-7.499615669250488},"rotation":{"x":0.16696196794509889,"y":0.34215858578681948,"z":-0.06192735210061073,"w":0.9226138591766357},"size":5.676492214202881,"orthographic":false}