{"cameraMode":{"drawMode":0,"name":"Shaded","section":"Shading Mode"},"sceneLighting":false,"audioPlay":false,"sceneViewState":{"showFog":true,"showMaterialUpdate":false,"showSkybox":true,"showFlares":true,"showImageEffects":true,"showParticleSystems":true},"in2DMode":false,"pivot":{"x":-16.731163024902345,"y":2.9259400367736818,"z":5.962167739868164},"rotation":{"x":0.20424535870552064,"y":-0.03965176269412041,"z":0.008281291462481022,"w":0.9780812859535217},"size":10.52302360534668,"orthographic":false}